Sample Rate,SNR (mean),SNR (std),Base SNR (mean),Base SNR (std),LSD (mean),LSD (std),Base LSD (mean),Base LSD (std),LSD HF (mean),LSD HF (std),Base LSD HF (mean),Base LSD HF (std),LSD LF (mean),LSD LF (std),Base LSD LF (mean),Base LSD LF (std),RTF (mean),RTF (std),RTF Reciprocal (mean),RTF Reciprocal (std)
2000,9.951019287109375,0.002132396213710308,9.789810180664062,0.0,2.2386066913604736,0.0005846369895152748,4.169070720672607,0.0,2.367389440536499,0.0006659036735072732,4.45556116104126,0.0,0.6524811387062073,0.0004982157261110842,0.17315839231014252,0.0,0.13922512531280518,0.001031380146741867,7.182872772216797,0.05301785096526146
4000,15.094794273376465,0.0018661252688616514,14.991214752197266,0.0,2.031721353530884,0.001328490674495697,3.5627949237823486,0.0,2.279468297958374,0.001539315446279943,4.110830783843994,0.0,0.695975124835968,0.00018749988521449268,0.1763111799955368,0.0,0.13832877576351166,0.0008023621048778296,7.229316234588623,0.04185304045677185
8000,20.83563232421875,0.00045714867883361876,21.222118377685547,0.0,1.8012089729309082,0.00059574528131634,2.446350574493408,0.0,2.323474168777466,0.0008417636272497475,3.451695442199707,0.0,0.7885551452636719,0.00039070233469828963,0.17459101974964142,0.0,0.13642409443855286,0.00015232409350574017,7.330089569091797,0.008179248310625553
12000,25.792325973510742,0.006191696040332317,26.846969604492188,0.0,1.6517791748046875,0.0006565575022250414,1.194767951965332,0.0,2.663900375366211,0.0007973850588314235,2.364248037338257,0.0,0.9129302501678467,0.0006319418316707015,0.17406339943408966,0.0,0.13516594469547272,0.0001516423944849521,7.398319244384766,0.008301086723804474
