Sample Rate,SNR (mean),SNR (std),Base SNR (mean),Base SNR (std),LSD (mean),LSD (std),Base LSD (mean),Base LSD (std),LSD HF (mean),LSD HF (std),Base LSD HF (mean),Base LSD HF (std),LSD LF (mean),LSD LF (std),Base LSD LF (mean),Base LSD LF (std),RTF (mean),RTF (std),RTF Reciprocal (mean),RTF Reciprocal (std)
8000,18.835182189941406,0.0046615260653197765,19.04914093017578,0.0,1.1396008729934692,0.0008158940472640097,4.416772842407227,0.0,1.2412151098251343,0.0009054480469785631,4.834564685821533,0.0,0.22261787950992584,0.00016836024587973952,0.18976075947284698,0.0,0.28847941756248474,0.0006931061507202685,3.4664652347564697,0.008324910886585712
12000,21.558916091918945,0.01468651182949543,22.087831497192383,0.0,1.0075507164001465,0.00027063151355832815,4.091094017028809,0.0,1.146689534187317,0.00034416961716488004,4.72050666809082,0.0,0.2798275053501129,0.0002296098682563752,0.20640523731708527,0.0,0.28728461265563965,0.0006631923606619239,3.4808809757232666,0.008031734265387058
16000,23.99265480041504,0.004986979067325592,24.6794376373291,0.0,0.9224734306335449,0.0002795890031848103,3.7908804416656494,0.0,1.09829843044281,0.00034226017305627465,4.6372294425964355,0.0,0.31113389134407043,0.00010344861220801249,0.20023156702518463,0.0,0.28687411546707153,8.47321716719307e-05,3.485849618911743,0.0010296786203980446
24000,28.38671112060547,0.007693817839026451,29.369430541992188,0.0,0.7730461955070496,0.0001279172138310969,3.143817186355591,0.0,1.017807960510254,0.00014846587146166712,4.437708377838135,0.0,0.3347008228302002,0.00033683842048048973,0.20253373682498932,0.0,0.2896016538143158,0.0014618805143982172,3.453077554702759,0.01738028973340988
